<?xml version="1.0" encoding="UTF-8"?>

<CommQry title="模板管理" navigate="主页 > 业务管理 > 模板管理" type="call"
	interface="true" pagesize="10" async="true" databusid=""
	transdataactionurl="/trans/TransDataAction.do"
	getterclassname="com.huateng.ebank.business.management.getter.EBManageTemplatesGetter">
	<Include id="BankParam" />
	<ResultViewParam>
		/fpages/management/ftl/EBManageTemplates.ftl
	</ResultViewParam>

	<Fields>
		<Field id="id" desc="" status="F" method="None" xpath="/id"
			primary="true" type="routeId" size="20" default="" tip="" />
		<Field id="custName" desc="名称" status="F" method="None"
			require="true" xpath="/custName" primary="true" type="model.custName"
			size="60" default="" tip="名称" />
	 	<Field id="draftType" desc="票据类型" status="F" edittype="select"
			method="None" readOnly="false" primary="true" require="true" type="model.draftType" size="4" translated="LIST:AC01,银票;AC02,商票"
			default="" tip="票据类型" xpath="/draftType" width=""  />
		<!--
			<Field id="custAcctNo" desc="账号" status="N" method="None"
			xpath="/custAcctNo" primary="true" type="custAcctNo" size="4"
			default="" tip="账号" require="true" />
		-->
		<Field id="custAcctNo" desc="收款人帐户" status="F" primary="false" type="model.custAcctNo"
			require="true" edittype="text" method="None" readonly="false"
			size="32" default="" xpath="/custAcctNo" />
		<Field id="custBankNo" desc="收款人开户行行号" status="F" require="true"
			method="None" readonly="false" primary="false" type="model.custBankNo"
			size="20" default="" tip="开户行行号" xpath="/custBankNo"
			translated="CQ:BankNameSelect"
			fieldmap="custBankNo=ubankNo;custBankNoName=ubankNo;custBankName=ubankName"
			viewField="ubankNo,ubankName" edittype="select"
			dropdowntype="dynamic" init="false" />
		<Field id="custBankName" desc="收款人开户行行名" status="F" require="true"
			method="None" readonly="true" primary="false" type="model.custBankName"
			size="60" default="" tip="开户行行名" xpath="/custBankName"
			edittype="text" init="false" />
			<Field id="acceptorName" desc="承兑人名称" status="F" require="true"
			method="None" readonly="true" primary="false" type="model.acceptorName"
			size="60" default="" xpath="/acceptorName"
			edittype="text" init="false" />
			<Field id="acceptorAccount" desc="承兑人账号" status="F" require="true"
			method="None" readonly="true" primary="false" type="model.acceptorAccount"
			size="32" default="" xpath="/acceptorAccount"
			edittype="text" init="false" />
			<Field id="acceptorBankId" desc="承兑人开户行行号" status="F" require="true"
				method="None" readonly="false" primary="false" type="model.acceptorBankId"
				size="12" default="" tip="承兑人开户行行号" xpath="/acceptorBankId"
				translated="CQ:BankNameSelect"
				fieldmap="acceptorBankId=ubankNo;acceptorBankName=ubankNo;acceptorBankName=ubankName"
				viewField="ubankNo,ubankName" edittype="select"
				dropdowntype="dynamic" init="false"/>

			<Field id="acceptorBankName" desc="承兑人开户行名称" status="F" require="true"
				method="None" readonly="true" primary="false" type="model.acceptorBankName"
				size="60" default="" xpath="/acceptorBankName"
				edittype="text" init="false" />
			<Field id="tradeAccount" desc="承兑人贸易账号" status="F" require="false"
				method="None" readonly="true" primary="false" type="model.tradeAccount"
				size="32" defalut="" xpath="/tradeAccount"
			/>
			<Field id="paymentAccount" desc="出票人费用账号" status="F" require="false"
				method="None" readonly="true" primary="false" type="model.paymentAccount"
				size="32" defalut="" xpath="/paymentAccount"
				/>
		<Field id="bussType" tablename="ci" fieldname="bussType"
			colspan="4" operation="EQ" size="20" desc="模板类型" tip="模板类型"
			type="model.templateType" edittype="select" translated="DATA_DIC.899"
			xpath="/bussType" require="false" primary="true" method="None"
			index="1" width="" height="" default="" onchange="" readonly="" />
		<Field id="createOperId" desc="创建人员" status="N" method="None"
			xpath="/createOperId" primary="true" type="createOperId" size="20"
			default="" tip="创建人员" require="" />
		<Field id="createTime" desc="创建日期" status="N" method="None"
			xpath="/createTime" datatype="string" primary="true"
			type="createTime" size="14" scale="2" default="" tip="创建日期"
			require="false" />
		<!--
			<Field id="lastUpdTime" desc="更新日期" status="N" method="None"
			datatype="string" xpath="/lastUpdTime" primary="true"
			type="lastUpdTime" size="20" default="" tip="更新日期" readonly="true" />
		-->
		<Field id="lastUpdTime" desc="更新日期" status="N" method="None"
			xpath="/lastUpdTime" datatype="string" primary="true"
			type="lastUpdTime" size="14" scale="2" default="" tip="更新日期"
			require="false" />
		<Field id="lastUpdOperId" desc="更新人员" status="N" method="None"
			xpath="/lastUpdOperId" primary="true" type="lastUpdOperId" size="20"
			default="" tip="更新人员" readonly="true" />
		<Field id="infoFlag" desc="有效/无效" status="N" method="None"
			require="true" xpath="/infoFlag" primary="true" type="infoFlag"
			size="20" default="" tip="有效/无效" readonly="true"
			translated="LIST:0,无效;1,有效" edittype="select" />
	</Fields>

	<Where>
		<Option id="bussType" tablename="ci" fieldname="bussType"
			operation="EQ" size="" desc="模板类型" tip="模板类型" type="model.templateType"
			edittype="select" translated="DATA_DIC.899" require="" method="None"
			index="1" width="" height="" default="01" onchange="" readOnly="false" />
		<TextBox id="custAcctNo" desc="帐户" primary="false" type="model.custAcctNo"
			edittype="text" method="None" readonly="false" size="30" default=""
			xpath="/custAcctNo" />
	</Where>

	<Operations>
		<Button id="btNew" name="btNew" desc="btNew" operation="addrecord"
			url="" show="" group="" txn="" />
		<Button id="btDelete" name="btDelete" desc="btDelete"
			updateClass="com.huateng.ebank.business.management.updater.EBManageTemplatesUpdate"
			operation="asysubmit" url="#" txn="" />
		<Button id="btSave" name="btSave" desc="btSave"
			operation="asysubmit"
			updateClass="com.huateng.ebank.business.management.updater.EBManageTemplatesUpdate"
			url="#" txn="management.routebindingsave.save" />
		<Button id="btModify" name="btModify" desc="btModify"
			operation="modifyrecord" url="#" txn="" />
		<Button id="btIsValid" name="btIsValid" desc="btIsValid"
			updateClass="com.huateng.ebank.business.management.updater.EBManageTemplatesChangeUpdate"
			operation="asysubmit" url="#" />
	</Operations>

</CommQry>