<?xml version="1.0" encoding="UTF-8"?>
<!-- create by fubo 2010/5/5 -->
<CommQry title="集团客户子公司信息维护" navigate="集团客户子公司信息维护" type="call"
	interface="false" pagesize="10" async="true"
	transdataactionurl="/TransDataAction.action"
	getterclassname="com.huateng.ebank.business.customer.getter.CustomerGroupSubInfoGetter">
	<Include id="BankParam" />

	<Fields>
		<Field id="id" desc="ID" require="false" datatype="string"
			method="None" readonly="false" size="100" default="" edittype="text" 
			xpath="/id" />
		<Field id="custName" desc="集团子公司客户名称" require="false" datatype="string" type="group.custName" 
			method="None" readonly="true" size="180" default="" edittype="text" 
			xpath="/custName" />
		<Field id="custNo" desc="集团子公司客户号码" require="false" datatype="string" type="group.custNo"
			method="None" readonly="true" size="20" default="" edittype="text" 
			xpath="/custNo" />
		<Field id="groupCustNo" desc="集团母公司客户号码" require="false" datatype="string" type="group.groupCustNo"
			method="None" readonly="true" size="20" default="" edittype="text" 
			xpath="/groupCustNo" />
		<Field id="custAddress" desc="公司地址" require="false" datatype="string" type="group.custAddress"
			method="None" readonly="true" size="180" default="" edittype="text" 
			xpath="/custAddress" />
		<Field id="groupFlag" desc="字母公司标识" require="false" datatype="string" type="group.groupFlag"
			method="None" readonly="true" size="1" default="" edittype="text" 
			xpath="/groupFlag" />
		<Field id="organCode" desc="组织机构代码" require="false" datatype="string" type="group.organCode"
			method="None" readonly="true" size="24" default="" edittype="text" 
			xpath="/organCode" />
	</Fields>

	<Parameters></Parameters>

	<Where>
		<TextBox id="customerName" desc="集团母公司客户名称" datatype="string" require="false"
			readonly="true" type="" size="256" default="" xpath="" />

 		<TextBox id="customerNo" datatype="string"  type=""
			size="20"  desc="集团母公司客户号码"  tip="客户号" operation="EQ" index="2"
			default="" require="false" readOnly="true" xpath="/custNo"/>
	</Where>
	<Operations>
		<Button id="btSubAdd" name="btSubAdd" desc="新增"
			url="" show="" group="" txn="" />
		<Button id="btSubDel" name="btSubDel" desc="删除"
			operation="asysubmit" url="#" show="" group="" txn=""
			updateclass="com.huateng.ebank.business.customer.updater.CustomerGroupSubInfoDelUpdate" />
		<Button id="btClose" name="btClose" desc="关闭"
			operation="href" targetFrame="_self" url="/fpages/customer/ftl/CustomerGroupInfo.ftl" show="" group="" txn="" />
	</Operations>

	<Script></Script>

</CommQry>